{"cameraMode":{"drawMode":0,"name":"Shaded","section":"Shading Mode"},"sceneLighting":true,"audioPlay":false,"sceneViewState":{"showFog":true,"showMaterialUpdate":false,"showSkybox":true,"showFlares":true,"showImageEffects":true,"showParticleSystems":true},"in2DMode":false,"pivot":{"x":6.146238327026367,"y":-7.932435989379883,"z":22.31797218322754},"rotation":{"x":0.1424282342195511,"y":0.23081275820732118,"z":-0.034175995737314227,"w":0.9619104862213135},"size":15.955668449401856,"orthographic":false}